City_ID,City,Country,Date,Lat,Lng,Max Temp,Humidity,Cloudiness,Wind Speed
0,Albany,US,2022-02-05 22:50:36,42.6001,-73.9662,16.38,56,4,1.01
1,Darhan,MN,2022-02-05 22:53:07,49.4867,105.9228,-6.3,92,83,6.31
2,Vaini,TO,2022-02-05 22:52:50,-21.2,-175.2,77.16,100,100,12.66
3,Nikolskoye,RU,2022-02-05 22:52:58,59.7035,30.7861,27.88,95,100,7.54
4,Ponta Do Sol,PT,2022-02-05 22:51:37,32.6667,-17.1,66.83,56,9,11.74
5,Yokadouma,CM,2022-02-05 22:53:08,3.5167,15.05,68.32,26,96,2.66
6,Valparaiso,CL,2022-02-05 22:53:08,-33.0393,-71.6273,80.83,57,0,16.11
7,Botou,CN,2022-02-05 22:53:08,38.0667,116.5667,24.8,49,9,3.69
8,Hermanus,ZA,2022-02-05 22:50:24,-34.4187,19.2345,68.81,84,23,13.82
9,Camocim,BR,2022-02-05 22:53:09,-2.9022,-40.8411,78.76,83,37,12.03
10,Sitka,US,2022-02-05 22:52:53,57.0531,-135.33,42.69,75,100,20.71
11,Ushuaia,AR,2022-02-05 22:50:57,-54.8,-68.3,56.82,58,40,24.16
12,Atuona,PF,2022-02-05 22:50:53,-9.8,-139.0333,78.8,78,10,22.5
13,Luderitz,NA,2022-02-05 22:53:10,-26.6481,15.1594,66.96,81,91,9.22
14,Puerto Del Rosario,ES,2022-02-05 22:53:10,28.5004,-13.8627,65.88,82,0,10.36
15,Longyearbyen,SJ,2022-02-05 22:53:11,78.2186,15.6401,10.24,61,20,20.71
16,Tuktoyaktuk,CA,2022-02-05 22:50:58,69.4541,-133.0374,-32.8,75,20,11.5
17,Saint-Philippe,RE,2022-02-05 22:52:44,-21.3585,55.7679,80.19,83,100,17.74
18,Ternate,ID,2022-02-05 22:53:11,0.8,127.4,80.28,82,100,9.13
19,Puerto Ayora,EC,2022-02-05 22:53:12,-0.7393,-90.3518,78.55,86,67,3.0
20,Chumikan,RU,2022-02-05 22:53:12,54.7183,135.315,-2.33,79,100,12.93
21,Carnarvon,AU,2022-02-05 22:51:30,-24.8667,113.6333,77.07,88,75,9.22
22,Qinhuangdao,CN,2022-02-05 22:53:13,39.9317,119.5883,19.24,57,0,6.76
23,Hilo,US,2022-02-05 22:53:13,19.7297,-155.09,76.73,79,100,0.0
24,Bluff,NZ,2022-02-05 22:51:01,-46.6,168.3333,54.81,63,62,11.5
25,Jimma,ET,2022-02-05 22:53:14,7.6667,36.8333,60.64,77,87,1.03
26,East London,ZA,2022-02-05 22:51:31,-33.0153,27.9116,69.67,86,100,16.31
27,Clyde River,CA,2022-02-05 22:53:14,70.4692,-68.5914,-28.97,68,75,5.75
28,Bunbury,AU,2022-02-05 22:53:15,-33.3333,115.6333,69.04,79,34,6.6
29,Huarmey,PE,2022-02-05 22:53:15,-10.0681,-78.1522,73.76,76,12,10.69
30,Busselton,AU,2022-02-05 22:52:29,-33.65,115.3333,67.05,83,14,6.53
31,Kindu,CD,2022-02-05 22:53:16,-2.95,25.95,66.78,98,71,1.07
32,Esperance,AU,2022-02-05 22:50:50,-33.8667,121.9,66.04,62,5,18.37
33,Nemuro,JP,2022-02-05 22:53:17,43.3236,145.575,23.11,72,84,18.12
34,Yeppoon,AU,2022-02-05 22:52:53,-23.1333,150.7333,78.58,59,44,18.88
35,Natal,BR,2022-02-05 22:53:17,-5.795,-35.2094,81.25,78,0,8.05
36,Jamestown,US,2022-02-05 22:53:03,42.097,-79.2353,19.04,53,20,4.61
37,Humaita,BR,2022-02-05 22:51:15,-7.5061,-63.0208,75.15,91,100,2.3
38,Quelimane,MZ,2022-02-05 22:52:33,-17.8786,36.8883,76.95,94,20,5.75
39,Trinidad,BO,2022-02-05 22:53:18,-14.8333,-64.9,87.78,66,75,6.91
40,Kungsbacka,SE,2022-02-05 22:50:33,57.4872,12.0761,41.25,100,100,35.99
41,Mayo,US,2022-02-05 22:53:19,38.8876,-76.5119,32.18,49,0,5.01
42,Progreso,MX,2022-02-05 22:53:19,21.2833,-89.6667,71.11,78,74,18.63
43,Mana,GF,2022-02-05 22:53:20,5.6592,-53.7767,76.55,88,41,9.73
44,Kaitangata,NZ,2022-02-05 22:53:20,-46.2817,169.8464,55.92,60,96,7.58
45,Shache,CN,2022-02-05 22:52:59,38.4167,77.2406,29.71,61,100,2.93
46,Kapaa,US,2022-02-05 22:51:36,22.0752,-159.319,80.19,66,0,1.99
47,Saskylakh,RU,2022-02-05 22:51:44,71.9167,114.0833,-28.28,100,99,3.49
48,Butaritari,KI,2022-02-05 22:54:21,3.0707,172.7902,82.74,73,43,18.77
49,Sinnamary,GF,2022-02-05 22:54:22,5.3833,-52.95,76.59,89,78,10.94
50,Punta Arenas,CL,2022-02-05 22:50:27,-53.15,-70.9167,60.91,59,75,21.85
51,Souillac,MU,2022-02-05 22:54:22,-20.5167,57.5167,79.36,89,40,11.5
52,Tiarei,PF,2022-02-05 22:53:55,-17.5333,-149.3333,86.02,75,9,19.77
53,Marsh Harbour,BS,2022-02-05 22:50:28,26.5412,-77.0636,73.72,61,0,7.4
54,Tiksi,RU,2022-02-05 22:51:36,71.6872,128.8694,-22.25,98,92,7.52
55,Marabba,SD,2022-02-05 22:54:23,12.35,32.1833,63.63,15,48,14.92
56,Virden,US,2022-02-05 22:54:23,39.5009,-89.7679,22.39,73,3,10.58
57,Mackay,AU,2022-02-05 22:54:24,-21.15,149.2,74.68,88,100,17.27
58,Hobart,AU,2022-02-05 22:50:18,-42.8794,147.3294,65.05,64,75,1.99
59,Santa Rosa,PH,2022-02-05 22:53:40,14.3122,121.1114,78.85,71,95,14.88
60,Rikitea,PF,2022-02-05 22:50:52,-23.1203,-134.9692,79.2,73,97,10.67
61,Sao Raimundo Das Mangabeiras,BR,2022-02-05 22:54:08,-7.0219,-45.4811,76.57,84,62,3.27
62,Hithadhoo,MV,2022-02-05 22:54:25,-0.6,73.0833,81.77,74,72,10.69
63,Akhtubinsk,RU,2022-02-05 22:54:25,48.2795,46.1722,21.92,85,100,15.39
64,Buin,CL,2022-02-05 22:54:26,-33.7333,-70.75,89.92,31,0,9.98
65,Ikeda,JP,2022-02-05 22:54:26,34.8221,135.4298,38.91,78,20,8.05
66,Tingo Maria,PE,2022-02-05 22:54:26,-9.2895,-76.0088,75.0,92,97,0.38
67,Cayenne,GF,2022-02-05 22:54:27,4.9333,-52.3333,81.09,84,40,5.99
68,Avarua,CK,2022-02-05 22:53:59,-21.2078,-159.775,80.65,89,40,17.27
69,Hamilton,US,2022-02-05 22:54:27,39.1834,-84.5333,23.77,77,64,1.01
70,Gwadar,PK,2022-02-05 22:54:28,25.1216,62.3254,71.33,72,1,10.49
71,Castro,BR,2022-02-05 22:54:28,-24.7911,-50.0119,65.62,97,74,7.09
72,Bahia Blanca,AR,2022-02-05 22:51:47,-38.7196,-62.2724,62.69,54,97,13.27
73,Asau,RO,2022-02-05 22:54:29,46.4333,26.4,32.4,96,80,4.36
74,Rocha,UY,2022-02-05 22:54:29,-34.4833,-54.3333,65.21,79,28,8.7
75,La Palma,US,2022-02-05 22:54:30,33.8464,-118.0467,78.17,18,20,4.0
76,Rokytne,UA,2022-02-05 22:54:30,51.2796,27.214,32.23,87,100,14.2
77,Saint George,US,2022-02-05 22:51:10,37.1041,-113.5841,61.27,17,0,1.01
78,Cape Town,ZA,2022-02-05 22:51:37,-33.9258,18.4232,72.1,64,0,1.01
79,Vardo,NO,2022-02-05 22:54:31,70.3705,31.1107,26.78,79,94,28.41
80,Ilulissat,GL,2022-02-05 22:54:04,69.2167,-51.1,-1.12,76,100,8.01
81,Mar Del Plata,AR,2022-02-05 22:53:42,-38.0023,-57.5575,64.09,80,100,1.99
82,Bredasdorp,ZA,2022-02-05 22:51:22,-34.5322,20.0403,68.29,77,83,21.85
83,Odesskoye,RU,2022-02-05 22:54:32,54.2111,72.9651,2.32,85,99,7.72
84,Kamaishi,JP,2022-02-05 22:54:32,39.2667,141.8833,18.55,61,46,9.75
85,Saint-Francois,FR,2022-02-05 22:54:33,46.4154,3.9054,35.42,93,0,3.44
86,Qaanaaq,GL,2022-02-05 22:50:22,77.484,-69.3632,0.25,97,100,3.87
87,Garissa,KE,2022-02-05 22:54:18,-0.4536,39.6401,77.77,72,100,11.23
88,Los Llanos De Aridane,ES,2022-02-05 22:54:33,28.6585,-17.9182,63.12,42,0,8.01
89,Mataura,NZ,2022-02-05 22:51:37,-46.1927,168.8643,54.48,66,98,4.07
90,Kieta,PG,2022-02-05 22:54:34,-6.2167,155.6333,85.15,70,77,8.25
91,Labuhan,ID,2022-02-05 22:54:34,-6.8844,112.2051,77.32,88,96,9.4
92,New Norfolk,AU,2022-02-05 22:51:38,-42.7826,147.0587,64.71,56,91,2.39
93,Dikson,RU,2022-02-05 22:51:44,73.5069,80.5464,-19.43,100,99,3.27
94,Vestmannaeyjar,IS,2022-02-05 22:51:50,63.4427,-20.2734,28.83,72,91,12.95
95,Sarai Alamgir,PK,2022-02-05 22:55:35,32.9012,73.7559,50.49,41,88,4.52
96,Zhigansk,RU,2022-02-05 22:55:36,66.7697,123.3711,-26.84,99,100,5.73
97,Monrovia,LR,2022-02-05 22:55:36,6.3005,-10.7969,78.57,85,11,6.15
98,Waipawa,NZ,2022-02-05 22:55:36,-41.4122,175.5153,55.45,95,100,15.39
99,Kavieng,PG,2022-02-05 22:55:37,-2.5744,150.7967,82.98,73,63,5.03
100,Codrington,AU,2022-02-05 22:55:37,-38.2667,141.9667,68.74,53,61,11.63
101,Verkhnyaya Inta,RU,2022-02-05 22:55:38,65.9811,60.3094,-11.27,94,10,3.65
102,Teya,RU,2022-02-05 22:55:38,60.3778,92.6267,11.39,93,100,5.5
103,Uyo,NG,2022-02-05 22:55:38,5.0333,7.9266,76.12,76,20,2.93
104,Arlit,NE,2022-02-05 22:55:39,18.7369,7.3853,61.12,16,0,4.56
105,Susanville,US,2022-02-05 22:55:39,40.4163,-120.653,51.91,36,0,4.0
106,Along,IN,2022-02-05 22:55:40,28.1667,94.7667,44.37,97,50,1.74
107,Port Elizabeth,ZA,2022-02-05 22:52:53,-33.918,25.5701,69.1,94,40,16.11
108,Barrow,US,2022-02-05 22:52:49,71.2906,-156.7887,-18.38,69,0,12.66
109,Urdoma,RU,2022-02-05 22:55:41,61.7533,48.5442,3.52,96,9,5.95
110,Lebu,CL,2022-02-05 22:51:05,-37.6167,-73.65,60.76,78,10,20.56
111,Lieksa,FI,2022-02-05 22:55:41,63.3167,30.0167,20.79,93,100,11.41
112,Thinadhoo,MV,2022-02-05 22:55:42,0.5333,72.9333,81.84,73,32,11.74
113,Georgetown,MY,2022-02-05 22:53:01,5.4112,100.3354,79.9,90,20,1.99
114,Khatanga,RU,2022-02-05 22:51:04,71.9667,102.5,-21.73,97,99,3.53
115,Am Timan,TD,2022-02-05 22:55:42,11.0297,20.2827,73.72,19,100,7.38
116,Sacramento,US,2022-02-05 22:50:56,38.4666,-121.3177,68.5,45,0,1.01
117,Yellowknife,CA,2022-02-05 22:52:08,62.456,-114.3525,-10.59,87,20,5.75
118,Mandurah,AU,2022-02-05 22:54:13,-32.55,115.7,74.16,82,17,9.19
119,Bandarbeyla,SO,2022-02-05 22:54:44,9.4942,50.8122,74.01,73,74,9.71
120,Bengkulu,ID,2022-02-05 22:55:43,-3.8004,102.2655,72.77,96,100,7.83
121,Nantucket,US,2022-02-05 22:55:44,41.2835,-70.0995,26.71,62,42,26.8
122,Goderich,CA,2022-02-05 22:55:44,43.7501,-81.7165,17.92,67,98,6.91
123,Lucapa,AO,2022-02-05 22:55:45,-8.4192,20.7447,65.14,95,100,1.86
124,Verkhnevilyuysk,RU,2022-02-05 22:55:45,63.4453,120.3167,-24.52,100,72,2.3
125,Gagino,RU,2022-02-05 22:55:46,55.2314,45.0339,1.89,100,99,3.8
126,Berlevag,NO,2022-02-05 22:51:46,70.8578,29.0864,24.44,82,55,25.81
127,Salinas,US,2022-02-05 22:55:46,36.6777,-121.6555,69.01,48,100,2.84
128,Old Orchard Beach,US,2022-02-05 22:55:47,43.5173,-70.3775,19.62,58,57,9.35
129,Mahenge,TZ,2022-02-05 22:55:47,-8.6833,36.7167,65.71,75,99,2.39
130,Kruisfontein,ZA,2022-02-05 22:55:47,-34.0033,24.7314,66.88,79,61,14.58
131,Meulaboh,ID,2022-02-05 22:55:09,4.1363,96.1285,75.72,83,100,2.57
132,Chokurdakh,RU,2022-02-05 22:53:09,70.6333,147.9167,-31.74,100,100,1.72
133,Clairmont,CA,2022-02-05 22:55:48,55.2667,-118.786,39.13,56,40,23.02
134,Nanortalik,GL,2022-02-05 22:55:49,60.1432,-45.2371,8.89,62,78,14.25
135,Coquimbo,CL,2022-02-05 22:52:22,-29.9533,-71.3436,65.93,77,75,11.5
136,San Patricio,US,2022-02-05 22:53:54,28.017,-97.5169,54.28,29,0,4.68
137,Raudeberg,NO,2022-02-05 22:55:50,61.9875,5.1352,39.87,72,100,36.19
138,Severo-Kurilsk,RU,2022-02-05 22:51:34,50.6789,156.125,28.83,82,95,10.09
139,Njeru,UG,2022-02-05 22:55:50,0.4186,33.1731,65.98,85,100,4.61
140,Abu Samrah,SY,2022-02-05 22:56:51,35.3029,37.1841,42.76,83,17,5.97
141,Jardim,BR,2022-02-05 22:56:51,-21.4803,-56.1381,72.82,96,88,8.28
142,Ribeira Grande,PT,2022-02-05 22:56:52,38.5167,-28.7,60.21,75,25,10.76
143,Tolmezzo,IT,2022-02-05 22:56:52,46.4075,13.0175,43.21,67,16,5.26
144,Hakkari,TR,2022-02-05 22:56:53,37.5833,44.1667,12.58,96,93,3.36
145,Klaksvik,FO,2022-02-05 22:56:53,62.2266,-6.589,32.92,83,82,18.25
146,Iqaluit,CA,2022-02-05 22:52:20,63.7506,-68.5145,-27.67,68,75,2.3
147,Takanabe,JP,2022-02-05 22:56:54,32.1333,131.5,33.69,62,4,5.88
148,Severnoye,RU,2022-02-05 22:56:54,56.3491,78.3619,8.62,87,100,7.16
149,Pangody,RU,2022-02-05 22:56:54,65.85,74.4859,-19.08,100,100,2.91
150,Palauig,PH,2022-02-05 22:56:55,15.435,119.9045,77.02,70,85,6.82
151,Kuala Terengganu,MY,2022-02-05 22:56:55,5.3302,103.1408,80.55,83,40,5.75
152,Ostrovnoy,RU,2022-02-05 22:56:55,68.0531,39.5131,16.02,83,100,29.73
153,Cap Malheureux,MU,2022-02-05 22:56:56,-19.9842,57.6142,79.47,79,100,5.99
154,Geraldton,AU,2022-02-05 22:56:56,-28.7667,114.6,73.81,88,100,10.36
155,Airai,TL,2022-02-05 22:56:57,-8.9266,125.4092,64.63,84,92,1.19
156,Flinders,AU,2022-02-05 22:55:23,-34.5833,150.8552,72.21,73,79,11.01
157,Iisalmi,FI,2022-02-05 22:56:57,63.5592,27.1907,21.22,95,100,7.23
158,Kudahuvadhoo,MV,2022-02-05 22:56:58,2.6708,72.8944,81.59,65,71,7.43
159,Vila Velha,BR,2022-02-05 22:54:42,-20.3297,-40.2925,78.75,87,75,11.01
160,Yar-Sale,RU,2022-02-05 22:56:58,66.8333,70.8333,-11.63,100,82,2.95
161,Kununurra,AU,2022-02-05 22:53:04,-15.7667,128.7333,78.78,100,100,3.44
162,Talnakh,RU,2022-02-05 22:56:59,69.4865,88.3972,-19.05,100,99,2.37
163,Port Alfred,ZA,2022-02-05 22:56:59,-33.5906,26.891,70.36,86,87,26.35
164,Tasiilaq,GL,2022-02-05 22:57:00,65.6145,-37.6368,7.93,59,97,9.66
165,Morehead,US,2022-02-05 22:57:00,37.2711,-87.1764,28.15,54,0,0.0
166,Manzhouli,CN,2022-02-05 22:57:00,49.6,117.4333,-6.39,95,93,7.09
167,Fairbanks,US,2022-02-05 22:57:01,64.8378,-147.7164,14.81,78,100,0.0
168,Uribia,CO,2022-02-05 22:57:01,11.7139,-72.266,81.43,55,65,11.86
169,Saint Anthony,US,2022-02-05 22:56:50,45.0205,-93.218,25.3,66,100,4.0
170,Port Blair,IN,2022-02-05 22:57:02,11.6667,92.75,77.85,82,68,6.17
171,Kualakapuas,ID,2022-02-05 22:57:03,-3.0091,114.3876,75.36,96,96,1.07
172,Mahebourg,MU,2022-02-05 22:52:41,-20.4081,57.7,79.25,89,40,11.5
173,Tomsani,RO,2022-02-05 22:57:03,44.95,26.2833,40.55,55,64,8.43
174,Gat,IL,2022-02-05 22:54:04,31.61,34.7642,52.39,100,79,7.63
175,Homer,US,2022-02-05 22:57:04,59.6425,-151.5483,39.04,84,97,6.35
176,Zhuhai,CN,2022-02-05 22:57:04,22.2769,113.5678,59.97,76,40,16.11
177,Becerril,CO,2022-02-05 22:57:05,9.7041,-73.2793,86.5,43,62,8.39
178,Markova,UA,2022-02-05 22:57:05,48.6758,24.4138,26.71,84,46,7.67
179,Bathsheba,BB,2022-02-05 22:56:51,13.2167,-59.5167,79.41,69,20,10.36
180,Pochutla,MX,2022-02-05 22:57:06,15.7432,-96.4661,86.83,41,3,6.02
181,Roshal,RU,2022-02-05 22:57:06,55.6685,39.8749,-7.31,100,100,3.47
182,Launceston,AU,2022-02-05 22:57:07,-41.45,147.1667,66.15,63,10,3.0
183,Salalah,OM,2022-02-05 22:57:07,17.0151,54.0924,69.93,77,7,5.37
184,Arraial Do Cabo,BR,2022-02-05 22:57:08,-22.9661,-42.0278,80.46,78,0,12.66
185,Montrose,US,2022-02-05 22:57:08,38.4166,-108.2673,32.79,50,4,1.88
186,Constitucion,CL,2022-02-05 22:55:56,-35.3333,-72.4167,65.66,65,1,14.07
187,Yulara,AU,2022-02-05 22:58:09,-25.2406,130.9889,69.64,49,0,9.22
188,Goose Creek,US,2022-02-05 22:54:42,32.981,-80.0326,50.09,51,0,1.01
189,Takoradi,GH,2022-02-05 22:58:09,4.8845,-1.7554,80.02,86,23,7.58
190,Faanui,PF,2022-02-05 22:57:18,-16.4833,-151.75,81.59,72,12,20.4
191,Harper,LR,2022-02-05 22:58:10,4.375,-7.7169,79.63,85,15,8.16
192,Ishigaki,JP,2022-02-05 22:58:10,24.3448,124.1572,62.73,67,75,17.27
193,Santarem,BR,2022-02-05 22:58:11,-2.4431,-54.7083,77.13,100,75,3.44
194,Verkhoyansk,RU,2022-02-05 22:58:12,67.5447,133.385,-42.16,99,93,1.39
195,Mitsamiouli,KM,2022-02-05 22:58:12,-11.3847,43.2844,81.72,75,99,10.04
196,Itamaraca,BR,2022-02-05 22:58:12,-7.7478,-34.8256,82.45,71,71,9.73
197,Narsaq,GL,2022-02-05 22:54:15,60.9167,-46.05,-6.97,71,50,5.82
198,Lorengau,PG,2022-02-05 22:58:13,-2.0226,147.2712,83.48,71,85,7.14
199,Ritchie,ZA,2022-02-05 22:58:14,-29.038,24.6028,67.21,50,90,13.67
200,Uruzgan,AF,2022-02-05 22:58:14,32.8333,66.0,43.29,44,88,4.34
201,Myrtle Beach,US,2022-02-05 22:56:23,33.6891,-78.8867,47.98,51,0,13.44
202,Lavrentiya,RU,2022-02-05 22:58:15,65.5833,-171.0,-15.07,95,8,9.66
203,Lagos,NG,2022-02-05 22:56:02,6.5833,3.75,80.92,94,0,1.32
204,Okhotsk,RU,2022-02-05 22:58:15,59.3833,143.3,-5.46,70,37,13.47
205,Bethel,US,2022-02-05 22:58:16,41.3712,-73.414,24.04,74,4,1.99
206,Pevek,RU,2022-02-05 22:53:26,69.7008,170.3133,-26.99,98,33,2.1
207,Yala,TH,2022-02-05 22:58:16,6.3333,101.25,71.96,95,78,2.64
208,Anzio,IT,2022-02-05 22:58:17,41.4853,12.6179,56.44,94,91,5.03
209,Pemba,MZ,2022-02-05 22:58:17,-12.974,40.5178,77.7,94,75,5.75
210,Christchurch,NZ,2022-02-05 22:54:32,-43.5333,172.6333,57.99,77,75,8.05
211,Aklavik,CA,2022-02-05 22:54:09,68.2191,-135.0107,-35.57,66,40,0.0
212,Bahar,IR,2022-02-05 22:58:18,34.9072,48.4414,28.56,69,20,0.0
213,Kenora,CA,2022-02-05 22:58:19,49.8167,-94.4337,8.58,72,100,8.05
214,Beringovskiy,RU,2022-02-05 22:58:19,63.05,179.3167,-9.09,92,60,13.87
215,Weligama,LK,2022-02-05 22:58:20,5.9667,80.4167,72.73,90,62,5.28
216,Kodiak,US,2022-02-05 22:58:20,57.79,-152.4072,38.71,87,100,11.5
217,Havelock,US,2022-02-05 22:58:21,34.8791,-76.9013,43.02,61,3,7.0
218,Oriximina,BR,2022-02-05 22:58:21,-1.7656,-55.8661,76.5,90,93,3.11
219,Yuli,NG,2022-02-05 22:58:21,9.6989,10.2744,70.39,23,5,8.01
220,Dingle,PH,2022-02-05 22:58:22,10.9995,122.6711,74.95,85,91,10.89
221,Chuy,UY,2022-02-05 22:58:22,-33.6971,-53.4616,67.35,89,53,10.71
222,Ray,IN,2022-02-05 22:58:23,23.6833,85.05,48.63,70,0,2.55
223,Sola,VU,2022-02-05 22:58:23,-13.8833,167.55,82.0,79,96,18.97
224,Necochea,AR,2022-02-05 22:58:24,-38.5473,-58.7368,61.03,68,100,20.13
225,Mehamn,NO,2022-02-05 22:57:41,71.0357,27.8492,20.84,87,21,18.28
226,The Pas,CA,2022-02-05 22:58:24,53.8251,-101.2541,-2.18,65,75,5.75
227,Mount Isa,AU,2022-02-05 22:59:24,-20.7333,139.5,82.17,34,40,6.91
228,Eureka,US,2022-02-05 22:55:51,40.8021,-124.1637,65.68,62,0,5.01
229,Torbay,CA,2022-02-05 22:59:25,47.6666,-52.7314,48.97,94,100,29.93
230,Brae,GB,2022-02-05 22:59:25,60.3964,-1.353,35.51,58,100,37.56
231,Rosetta,EG,2022-02-05 22:59:26,31.4044,30.4164,55.22,73,15,9.6
232,Ola,RU,2022-02-05 22:59:26,59.5833,151.2833,2.14,74,58,10.85
233,Acapulco,MX,2022-02-05 22:59:27,16.8634,-99.8901,82.63,53,0,9.24
234,Tokyo,JP,2022-02-05 22:59:27,35.6895,139.6917,35.51,49,20,3.0
235,Mount Gambier,AU,2022-02-05 22:59:28,-37.8333,140.7667,66.11,63,75,10.36
236,Quatre Cocos,MU,2022-02-05 22:59:28,-20.2078,57.7625,79.09,82,100,16.98
237,Lata,PT,2022-02-05 22:59:28,40.1629,-8.3327,47.05,78,0,3.98
238,Fort-Shevchenko,KZ,2022-02-05 22:59:29,44.5086,50.263,34.48,70,96,23.82
239,Bumba,CD,2022-02-05 22:59:29,2.1833,22.4667,72.03,47,54,3.56
240,Fare,PF,2022-02-05 22:59:30,-16.7,-151.0167,81.34,73,14,20.42
241,Novikovo,RU,2022-02-05 22:59:30,51.1537,37.8879,16.72,96,100,7.49
242,Hirara,JP,2022-02-05 22:59:30,24.8,125.2833,60.66,67,75,17.27
243,Rio Gallegos,AR,2022-02-05 22:59:31,-51.6226,-69.2181,69.85,37,40,25.32
244,Shangqiu,CN,2022-02-05 22:59:31,34.45,115.65,30.69,34,100,4.34
245,Osoyoos,CA,2022-02-05 22:59:32,49.0331,-119.4524,46.33,75,83,4.61
246,Rio Grande,BR,2022-02-05 22:59:32,-32.035,-52.0986,74.95,80,33,6.69
247,West Memphis,US,2022-02-05 22:59:32,35.1465,-90.1845,36.28,59,6,3.0
248,Lagoa,PT,2022-02-05 22:56:27,39.05,-27.9833,58.91,75,15,17.13
249,Lake City,US,2022-02-05 22:55:38,30.1897,-82.6393,53.01,36,91,4.81
250,Dongsheng,CN,2022-02-05 22:59:33,39.8161,109.9776,11.71,49,78,4.74
251,Saint-Joseph,RE,2022-02-05 22:59:34,-21.3667,55.6167,79.18,81,100,12.68
252,Lasa,IT,2022-02-05 22:59:34,46.6166,10.7002,33.3,44,3,3.11
253,Leningradskiy,RU,2022-02-05 22:59:35,69.3833,178.4167,-21.35,96,9,3.6
254,Ajdabiya,LY,2022-02-05 22:59:35,30.7554,20.2263,55.04,56,11,9.86
255,Buala,SB,2022-02-05 22:59:36,-8.145,159.5921,84.9,76,89,7.94
256,Fort Smith,US,2022-02-05 22:58:49,35.3859,-94.3986,45.09,65,5,5.01
257,Houma,US,2022-02-05 22:59:36,29.5958,-90.7195,52.0,37,0,6.04
258,Pinawa,CA,2022-02-05 22:59:37,50.1489,-95.8811,7.75,94,100,3.38
259,Cortes,ES,2022-02-05 22:59:37,41.9395,-1.4396,44.6,65,2,18.21
260,Worthington,US,2022-02-05 22:59:37,40.0931,-83.018,19.74,80,96,1.99
261,Auki,SB,2022-02-05 22:59:38,-8.7676,160.7034,83.1,79,91,6.53
262,Port Moresby,PG,2022-02-05 22:59:38,-9.4431,147.1797,78.22,78,40,11.5
263,Kavaratti,IN,2022-02-05 22:59:38,10.5669,72.642,77.97,63,14,8.34
264,Isangel,VU,2022-02-05 22:59:39,-19.55,169.2667,82.51,89,75,9.22
265,Pamekasan,ID,2022-02-05 22:59:39,-7.1568,113.4746,77.41,89,98,7.63
266,Columbus,US,2022-02-05 22:57:44,39.9612,-82.9988,20.19,80,0,1.01
267,Guerrero Negro,MX,2022-02-05 22:59:40,27.9769,-114.0611,68.92,25,0,11.03
268,Praia,CV,2022-02-05 22:59:40,14.9215,-23.5087,72.14,68,0,13.8
269,Channel-Port Aux Basques,CA,2022-02-05 22:59:41,47.5702,-59.1367,26.44,83,100,18.25
270,Cherskiy,RU,2022-02-05 22:59:41,68.75,161.3,-32.44,97,19,1.23
271,Naze,JP,2022-02-05 22:59:42,28.3667,129.4833,45.52,67,100,16.13
272,Alyangula,AU,2022-02-05 22:59:42,-13.8483,136.4192,82.27,94,75,5.75
273,Eldorado,BR,2022-02-05 22:59:43,-23.7869,-54.2836,69.26,96,100,6.17
274,Tevaitoa,PF,2022-02-05 23:00:43,-16.7833,-151.5,81.34,73,6,19.8
275,Palmer,US,2022-02-05 23:00:44,42.1584,-72.3287,20.55,60,14,3.0
276,Praia Da Vitoria,PT,2022-02-05 23:00:44,38.7333,-27.0667,56.75,88,38,15.84
277,Basoko,CD,2022-02-05 23:00:44,1.2391,23.616,73.85,67,96,1.57
278,Thompson,CA,2022-02-05 23:00:45,55.7435,-97.8558,-9.58,93,100,3.13
279,Fallon,US,2022-02-05 23:00:45,39.4735,-118.7774,52.43,28,24,4.76
280,Waingapu,ID,2022-02-05 23:00:46,-9.6567,120.2641,79.74,84,99,6.31
281,Poum,NC,2022-02-05 23:00:46,-20.2333,164.0167,80.4,76,97,3.71
282,Lujan,AR,2022-02-05 23:00:47,-34.5703,-59.105,67.98,86,51,5.01
283,Calvillo,MX,2022-02-05 23:00:47,21.85,-102.7167,73.17,27,30,7.85
284,Richards Bay,ZA,2022-02-05 23:00:47,-28.783,32.0377,71.31,88,98,7.23
285,Ngama,TD,2022-02-05 23:00:48,11.7833,17.1667,68.54,15,23,12.84
286,Banjarmasin,ID,2022-02-05 23:00:48,-3.3244,114.591,75.34,94,97,1.14
287,Opuwo,NA,2022-02-05 23:00:49,-18.0607,13.84,68.65,51,97,4.03
288,Husavik,IS,2022-02-05 23:00:49,66.0449,-17.3389,29.32,94,100,32.59
289,Komsomolskiy,UZ,2022-02-05 23:00:50,40.4272,71.7189,38.62,32,100,4.61
290,La Paz,BO,2022-02-05 23:00:50,-16.5,-68.15,50.47,80,100,8.57
291,Pasighat,IN,2022-02-05 23:00:50,28.0667,95.3333,50.32,91,52,4.41
292,Terekli-Mekteb,RU,2022-02-05 23:00:51,44.1671,45.8698,30.72,67,77,14.0
293,Wangqing,CN,2022-02-05 23:00:51,43.3218,129.7634,-5.82,94,18,2.55
294,Neuquen,AR,2022-02-05 23:00:52,-38.9516,-68.0591,76.24,25,3,7.05
295,Ahipara,NZ,2022-02-05 23:00:52,-35.1667,173.1667,75.04,86,99,5.91
296,Ancud,CL,2022-02-05 23:00:53,-41.8697,-73.8203,66.22,70,20,3.09
297,Sao Jose Da Coroa Grande,BR,2022-02-05 23:00:53,-8.8978,-35.1478,78.85,71,69,10.16
298,Grindavik,IS,2022-02-05 23:00:54,63.8424,-22.4338,27.07,74,75,2.3
299,Baykit,RU,2022-02-05 23:00:54,61.67,96.37,12.88,91,97,7.92
300,Nurota,UZ,2022-02-05 23:00:55,40.5614,65.6886,42.89,53,100,17.27
301,Westport,US,2022-02-05 22:57:49,41.1415,-73.3579,25.79,67,11,3.0
302,Ventspils,LV,2022-02-05 22:56:14,57.3894,21.5606,39.13,81,100,16.11
303,Hami,CN,2022-02-05 23:00:55,42.8,93.45,25.81,29,100,6.62
304,Cambuci,BR,2022-02-05 23:00:56,-21.5753,-41.9111,76.06,93,79,3.0
305,Barinitas,VE,2022-02-05 23:00:56,8.7622,-70.4111,87.28,56,95,3.78
306,La Ronge,CA,2022-02-05 23:00:57,55.1001,-105.2842,1.04,95,100,3.09
307,Aksarka,RU,2022-02-05 23:00:57,66.5606,67.7975,-20.83,100,67,2.89
308,Charlestown,AU,2022-02-05 23:00:57,-32.95,151.6667,73.11,79,72,8.01
309,Ghanzi,BW,2022-02-05 23:00:58,-21.5667,21.7833,70.3,76,37,11.7
310,Mantamados,GR,2022-02-05 23:00:58,39.3117,26.3339,43.93,72,80,3.56
311,Murray Bridge,AU,2022-02-05 23:00:23,-35.1167,139.2667,83.43,31,76,13.94
312,Okha,RU,2022-02-05 23:00:59,53.5739,142.9478,3.31,90,100,19.15
313,Kasongo-Lunda,CD,2022-02-05 23:00:59,-6.4667,16.8167,68.52,99,91,1.14
314,Bonavista,CA,2022-02-05 23:01:00,48.6499,-53.1147,43.12,99,100,7.36
315,Cockburn Town,TC,2022-02-05 23:01:00,21.4612,-71.1419,76.19,64,70,17.09
316,Rabo De Peixe,PT,2022-02-05 23:01:01,37.8,-25.5833,58.28,87,20,11.5
317,Nacala,MZ,2022-02-05 23:01:02,-14.5428,40.6728,74.37,90,99,7.29
318,Inirida,CO,2022-02-05 23:02:02,3.8653,-67.9239,75.51,92,87,3.06
319,Coari,BR,2022-02-05 23:02:02,-4.085,-63.1414,75.78,90,34,1.28
320,Mangrol,IN,2022-02-05 23:02:03,21.1167,70.1167,64.09,77,1,7.96
321,Stornoway,GB,2022-02-05 23:02:03,58.2093,-6.3865,33.93,92,40,4.0
322,Khorramshahr,IR,2022-02-05 23:02:04,30.4397,48.1664,55.31,44,0,10.29
323,Ulladulla,AU,2022-02-05 23:02:04,-35.35,150.4667,68.88,74,100,12.03
324,Samarai,PG,2022-02-05 23:02:04,-10.6167,150.6667,82.53,74,100,6.58
325,Halmstad,SE,2022-02-05 23:02:05,56.6745,12.8568,40.3,94,100,27.63
326,Vanavara,RU,2022-02-05 23:02:05,60.34,102.2797,16.0,92,100,10.33
327,Fjerritslev,DK,2022-02-05 23:02:06,57.0813,9.2664,44.06,78,100,21.32
328,Elizabeth City,US,2022-02-05 23:02:06,36.2946,-76.2511,37.6,58,44,10.25
329,Nioro,GM,2022-02-05 23:02:06,13.35,-15.75,80.82,12,0,2.3
330,Nathdwara,IN,2022-02-05 23:02:07,24.9333,73.8167,54.55,31,0,1.48
331,May Pen,JM,2022-02-05 23:02:07,17.9645,-77.2451,76.24,59,12,2.68
332,Usinsk,RU,2022-02-05 23:02:08,65.9939,57.5281,-15.32,100,88,5.95
333,Kota Belud,MY,2022-02-05 23:02:08,6.351,116.4305,76.86,84,82,6.76
334,San Juan,AR,2022-02-05 22:59:12,-31.5375,-68.5364,66.18,49,91,15.93
335,Oranjemund,NA,2022-02-05 23:02:09,-28.55,16.4333,66.61,81,66,4.47
336,Hervey Bay,AU,2022-02-05 23:02:09,-25.2986,152.8535,79.03,80,82,13.0
337,Pisco,PE,2022-02-05 23:02:09,-13.7,-76.2167,72.01,79,6,7.11
338,Saldanha,ZA,2022-02-05 23:01:14,-33.0117,17.9442,67.82,72,34,4.14
339,Tenenkou,ML,2022-02-05 23:02:10,14.4572,-4.9169,71.85,10,0,10.18
340,Talas,TR,2022-02-05 23:02:10,38.6908,35.5538,21.87,86,0,2.3
341,La Plata,AR,2022-02-05 23:00:01,-34.9215,-57.9545,67.98,82,77,12.84
342,Masuguru,TZ,2022-02-05 23:02:11,-11.3667,38.4167,71.65,93,100,2.55
343,Xai-Xai,MZ,2022-02-05 23:02:11,-25.0519,33.6442,75.61,82,13,13.78
344,Cidreira,BR,2022-02-05 23:02:12,-30.1811,-50.2056,74.34,90,100,2.84
345,Letlhakane,BW,2022-02-05 23:02:12,-21.4167,25.5833,73.08,56,76,13.31
346,Alofi,NU,2022-02-05 23:02:11,-19.0595,-169.9187,79.92,80,98,15.68
347,Melfi,IT,2022-02-05 23:02:13,40.9965,15.6514,47.5,94,100,3.44
348,Kidal,ML,2022-02-05 23:02:13,18.4411,1.4078,62.98,15,0,9.73
349,Jurm,AF,2022-02-05 23:02:14,36.8648,70.8342,39.61,73,100,9.26
350,Atar,MR,2022-02-05 23:02:14,20.5169,-13.0499,72.05,10,0,4.12
351,Broome,US,2022-02-05 23:02:14,42.2506,-75.833,13.01,75,0,1.01
352,Muroto,JP,2022-02-05 23:02:15,33.2833,134.15,38.57,55,42,12.46
353,Cabo San Lucas,MX,2022-02-05 23:00:01,22.8909,-109.9124,74.61,62,16,3.0
354,Portland,US,2022-02-05 23:01:42,45.5234,-122.6762,53.78,74,40,1.01
355,Sahbuz,AZ,2022-02-05 23:02:16,39.4072,45.5739,22.6,67,1,5.91
356,Taksimo,RU,2022-02-05 23:02:16,56.3444,114.8794,-16.73,88,24,1.05
357,Provideniya,RU,2022-02-05 23:02:16,64.3833,-173.3,-3.26,85,2,10.0
358,The Valley,AI,2022-02-05 23:02:17,18.217,-63.0578,76.1,75,98,20.2
359,Bombay,IN,2022-02-05 22:57:47,19.0144,72.8479,71.58,53,46,4.61
360,Warrnambool,AU,2022-02-05 23:02:17,-38.3833,142.4833,70.81,64,88,10.02
361,Sri Aman,MY,2022-02-05 23:02:18,1.2376,111.4621,73.33,99,100,1.86
362,Ferrenafe,PE,2022-02-05 23:02:18,-6.6389,-79.7889,76.93,59,29,13.73
363,Ivaipora,BR,2022-02-05 23:02:19,-24.2478,-51.6847,67.48,97,100,2.59
364,Bambous Virieux,MU,2022-02-05 23:00:13,-20.3428,57.7575,79.21,81,100,17.56
365,Celestun,MX,2022-02-05 23:02:19,20.8667,-90.4,72.23,79,87,20.36
366,Fuerte Olimpo,PY,2022-02-05 23:02:20,-21.0415,-57.8738,75.72,94,93,9.91
367,Palmares Do Sul,BR,2022-02-05 23:03:20,-30.2578,-50.5097,75.45,85,100,7.72
368,Vestmanna,FO,2022-02-05 23:03:20,62.1564,-7.1664,31.12,93,100,10.36
369,Silver City,US,2022-02-05 23:03:21,32.7701,-108.2803,50.31,21,0,3.0
370,Amapa,BR,2022-02-05 23:03:21,1.0,-52.0,72.72,99,95,2.51
371,Tessalit,ML,2022-02-05 23:03:22,20.1986,1.0114,62.44,15,0,11.03
372,Iguape,BR,2022-02-05 23:02:14,-24.7081,-47.5553,80.35,81,86,6.2
373,Excelsior Springs,US,2022-02-05 23:01:14,39.3392,-94.2261,45.48,42,0,8.05
374,Miyako,JP,2022-02-05 23:03:22,39.6367,141.9525,26.74,59,13,7.58
375,Tsiroanomandidy,MG,2022-02-05 23:03:23,-18.7667,46.0333,66.87,97,100,6.38
376,Visnes,NO,2022-02-05 23:03:23,59.3556,5.2242,40.57,75,99,27.63
377,Aswan,EG,2022-02-05 23:03:24,24.0934,32.907,51.78,49,0,12.3
378,Impfondo,CG,2022-02-05 23:03:24,1.6381,18.0667,71.13,27,72,2.06
379,Cravo Norte,CO,2022-02-05 23:03:25,6.3017,-70.2041,90.57,34,86,3.96
380,Puerto Maldonado,PE,2022-02-05 23:03:25,-12.6,-69.1833,75.31,95,99,2.1
381,Lompoc,US,2022-02-05 23:00:08,34.6391,-120.4579,72.79,33,60,5.01
382,Upernavik,GL,2022-02-05 23:03:26,72.7868,-56.1549,-3.28,99,100,4.12
383,Koraput,IN,2022-02-05 23:01:13,18.8167,82.7167,53.65,54,86,3.53
384,Iralaya,HN,2022-02-05 23:03:26,15.0,-83.2333,77.65,79,21,8.03
385,Mocuba,MZ,2022-02-05 23:03:27,-16.8392,36.9856,68.45,97,14,4.41
386,Joshimath,IN,2022-02-05 23:03:27,30.5667,79.5667,36.57,38,11,8.23
387,Hualmay,PE,2022-02-05 23:01:22,-11.0964,-77.6139,72.39,77,24,11.3
388,Velyka Lepetykha,UA,2022-02-05 23:03:28,47.1757,33.9436,32.74,97,100,5.88
389,Sabha,LY,2022-02-05 23:03:28,27.0377,14.4283,53.96,29,0,7.45
390,Kholodnyy,RU,2022-02-05 23:03:29,62.7167,147.95,-23.8,76,14,3.58
391,Laguna,US,2022-02-05 22:59:11,38.421,-121.4238,68.65,45,0,1.01
392,Chapais,CA,2022-02-05 23:03:29,49.7834,-74.8492,-9.31,95,95,4.25
393,Mbala,ZM,2022-02-05 23:03:30,-8.8402,31.3659,59.47,83,98,0.81
394,Olinda,BR,2022-02-05 23:03:30,-8.0089,-34.8553,82.13,65,20,5.75
395,Te Anau,NZ,2022-02-05 23:03:30,-45.4167,167.7167,59.52,49,13,4.43
396,Burnie,AU,2022-02-05 23:02:27,-41.0667,145.9167,64.94,75,73,11.56
397,Paamiut,GL,2022-02-05 23:03:31,61.994,-49.6678,-4.63,86,69,11.01
398,Dimitrovgrad,RU,2022-02-05 23:03:31,54.2139,49.6184,25.97,98,100,2.64
399,Imperia,IT,2022-02-05 23:03:32,43.9667,7.7833,46.42,72,4,4.59
400,Nalut,LY,2022-02-05 23:03:32,30.3333,10.85,55.72,21,100,10.76
401,Amet,IN,2022-02-05 23:03:33,25.3,73.9333,53.83,31,0,2.8
402,Haines Junction,CA,2022-02-05 23:03:33,60.7522,-137.5108,30.27,93,100,4.81
403,Tarpon Springs,US,2022-02-05 23:03:33,28.1461,-82.7568,61.21,78,100,3.0
404,Totma,RU,2022-02-05 23:03:34,59.9747,42.7642,7.02,98,100,2.95
405,Tromso,NO,2022-02-05 23:03:34,69.6496,18.957,34.45,60,75,19.57
406,Xuanhua,CN,2022-02-05 23:03:35,40.6103,115.0447,13.12,65,1,5.35
407,Suriapet,IN,2022-02-05 23:03:35,17.15,79.6167,62.24,43,19,5.61
408,San Cristobal,VE,2022-02-05 23:03:35,7.7669,-72.225,73.58,90,79,2.62
409,Kahului,US,2022-02-05 23:02:00,20.8947,-156.47,78.84,81,13,8.01
410,San Jose,US,2022-02-05 22:58:41,37.3394,-121.895,67.59,37,75,1.99
411,Tisovec,SK,2022-02-05 23:04:36,48.6774,19.9436,34.34,90,77,3.31
412,Polkowice,PL,2022-02-05 23:04:36,51.5039,16.0726,39.67,71,100,13.94
413,Resistencia,AR,2022-02-05 23:02:07,-27.4606,-58.9839,85.1,82,33,8.81
414,Ambon,ID,2022-02-05 23:03:21,-3.6954,128.1814,77.14,94,40,4.61
415,Long Beach,US,2022-02-05 23:00:23,33.767,-118.1892,77.23,22,1,5.01
416,Victoria,HK,2022-02-05 23:00:00,22.2855,114.1577,59.32,82,99,5.99
417,Skibotn,NO,2022-02-05 23:04:38,69.3913,20.2679,33.89,88,79,22.19
418,Panaba,MX,2022-02-05 23:04:38,21.2833,-88.2667,72.32,85,74,13.06
419,Makakilo City,US,2022-02-05 23:01:02,21.3469,-158.0858,81.61,62,2,4.41
420,Ipixuna,BR,2022-02-05 23:04:39,-1.7625,-48.8043,80.55,97,100,4.45
421,Riviere-Au-Renard,CA,2022-02-05 23:04:39,48.9957,-64.3971,5.61,82,96,16.78
422,Plettenberg Bay,ZA,2022-02-05 23:04:39,-34.0527,23.3716,67.19,87,24,10.94
423,Namibe,AO,2022-02-05 23:04:40,-15.1961,12.1522,73.27,65,100,10.16
424,Orocue,CO,2022-02-05 23:04:40,4.7912,-71.3354,88.77,38,92,2.89
425,Coahuayana,MX,2022-02-05 23:04:41,18.7333,-103.6833,87.28,52,11,6.26
426,Ossora,RU,2022-02-05 23:01:18,59.2353,163.0719,13.55,81,100,11.41
427,Meadow Lake,US,2022-02-05 23:04:41,34.8014,-106.5436,42.13,37,0,2.95
428,Kloulklubed,PW,2022-02-05 23:04:42,7.0419,134.2556,77.5,79,96,22.06
429,Bilma,NE,2022-02-05 23:04:42,18.6853,12.9164,59.72,20,0,6.17
430,Trelew,AR,2022-02-05 23:04:42,-43.249,-65.3051,63.93,38,0,11.5
431,Ambilobe,MG,2022-02-05 23:04:43,-13.2,49.05,72.7,96,89,3.87
432,Lengshuitan,CN,2022-02-05 23:04:43,26.4111,111.5956,42.48,88,100,3.6
433,Margate,GB,2022-02-05 23:04:44,51.3813,1.3862,51.04,74,100,10.0
434,Louis Trichardt,ZA,2022-02-05 23:04:44,-23.0439,29.9032,63.55,90,58,13.85
435,Cananeia,BR,2022-02-05 23:04:44,-25.0147,-47.9267,80.85,82,97,5.1
436,Saint-Augustin,CA,2022-02-05 23:04:45,51.226,-58.6502,2.98,93,100,17.63
437,Deputatskiy,RU,2022-02-05 23:01:39,69.3,139.9,-29.36,97,95,2.86
438,Sungaipenuh,ID,2022-02-05 23:04:45,-2.0833,101.3833,63.07,99,100,1.48
439,Luau,AO,2022-02-05 23:04:46,-10.7073,22.2247,62.6,95,63,3.09
440,Lincoln,US,2022-02-05 23:03:05,40.8,-96.667,55.31,22,0,8.05
441,Moranbah,AU,2022-02-05 23:04:46,-22.0016,148.0466,75.02,57,1,19.69
442,Ust-Uda,RU,2022-02-05 23:04:47,54.1742,103.0304,15.33,97,100,3.78
443,Tabriz,IR,2022-02-05 23:00:12,38.08,46.2919,22.46,54,40,2.3
444,Anadyr,RU,2022-02-05 23:04:47,64.75,177.4833,-23.03,98,24,4.25
445,Umm Kaddadah,SD,2022-02-05 23:04:48,13.6017,26.6876,56.37,21,79,16.78
446,Sao Joao Da Barra,BR,2022-02-05 23:03:36,-21.6403,-41.0511,77.36,84,26,27.04
447,Rio Branco,BR,2022-02-05 23:04:48,-9.9747,-67.81,81.21,94,40,0.0
448,Taltal,CL,2022-02-05 23:00:57,-25.4,-70.4833,69.64,69,23,4.56
449,Kirakira,SB,2022-02-05 23:04:49,-10.4544,161.9205,84.4,77,90,7.65
450,Vila Franca Do Campo,PT,2022-02-05 23:04:49,37.7167,-25.4333,59.2,82,91,12.33
451,Shimoda,JP,2022-02-05 23:00:54,34.6667,138.95,38.1,59,4,25.05
452,Aleksandrov Gay,RU,2022-02-05 23:04:50,50.147,48.5704,9.07,96,85,9.37
453,Kungurtug,RU,2022-02-05 23:04:50,50.5994,97.5228,-15.02,95,72,1.52
454,Port Hedland,AU,2022-02-05 23:04:51,-20.3167,118.5667,86.05,79,74,9.22
455,Emba,KZ,2022-02-05 23:04:51,48.8264,58.1442,19.27,96,100,2.82
456,Pacific Grove,US,2022-02-05 23:03:02,36.6177,-121.9166,67.57,54,0,3.0
457,Abu Kamal,SY,2022-02-05 23:04:52,34.4506,40.9171,48.7,62,4,9.89
458,Kawalu,ID,2022-02-05 23:04:52,-7.3817,108.2082,72.5,95,95,2.55
459,Faya,SA,2022-02-05 23:05:52,18.3851,42.4509,50.52,76,7,3.18
460,Waitati,NZ,2022-02-05 23:05:53,-45.75,170.5667,52.81,82,32,7.92
461,Bolingbrook,US,2022-02-05 23:05:30,41.6986,-88.0684,18.99,72,44,4.0
462,El Alto,PE,2022-02-05 23:05:53,-4.2714,-81.2147,71.92,74,18,13.2
463,Bolobo,CD,2022-02-05 23:05:54,-2.1667,16.2333,76.42,78,100,2.73
464,Arua,UG,2022-02-05 23:05:54,3.0201,30.9111,67.62,45,100,6.69
465,Banposh,IN,2022-02-05 23:05:54,22.25,84.8,52.84,48,55,3.09
466,Palana,RU,2022-02-05 23:03:42,59.1167,159.9667,8.38,84,99,8.34
467,Kyra,RU,2022-02-05 23:05:55,49.5776,111.9753,-4.72,94,25,3.71
468,Asheboro,US,2022-02-05 23:03:49,35.7079,-79.8136,37.87,37,0,1.99
469,Guarapari,BR,2022-02-05 23:05:56,-20.6667,-40.4975,78.69,84,19,15.03
470,Doda,IN,2022-02-05 23:05:56,33.1333,75.5667,44.92,77,100,5.08
471,Hasaki,JP,2022-02-05 23:05:56,35.7333,140.8333,27.0,41,21,11.97
472,Villa Carlos Paz,AR,2022-02-05 23:05:57,-31.4241,-64.4978,67.39,59,74,9.93
473,Asfi,MA,2022-02-05 23:05:57,32.2994,-9.2372,59.27,72,58,21.27
474,Clarence Town,AU,2022-02-05 23:05:57,-32.5833,151.7833,72.86,74,85,9.73
475,Nyurba,RU,2022-02-05 23:03:54,63.2842,118.3319,-24.05,100,80,2.33
476,Hay River,CA,2022-02-05 23:05:58,60.8156,-115.7999,-2.13,96,92,3.04
477,Sipe Sipe,BO,2022-02-05 23:05:58,-17.45,-66.3833,58.75,87,100,2.91
478,Cartagena,CO,2022-02-05 23:05:44,10.3997,-75.5144,82.02,65,20,17.27
479,Den Helder,NL,2022-02-05 23:05:59,52.9599,4.7593,48.18,89,100,28.99
480,Vostok,RU,2022-02-05 23:05:59,46.4856,135.8833,-10.12,98,100,3.11
481,Bogandinskiy,RU,2022-02-05 23:06:00,56.8937,65.8938,12.52,93,100,4.03
482,Seminole,US,2022-02-05 23:06:00,28.7086,-81.2081,59.02,85,100,1.01
483,Erzin,TR,2022-02-05 23:06:01,36.9559,36.2,38.12,78,35,3.8
484,Madawaska,US,2022-02-05 23:06:01,47.3561,-68.3288,5.72,60,0,14.97
485,Gravdal,NO,2022-02-05 23:06:01,68.1214,13.5031,37.27,85,95,28.01
486,At-Bashi,KG,2022-02-05 23:06:02,41.1702,75.8106,1.85,61,98,2.53
487,Tautira,PF,2022-02-05 23:06:02,-17.7333,-149.15,86.02,75,30,19.1
488,Sao Filipe,CV,2022-02-05 23:06:03,14.8961,-24.4956,72.91,73,0,11.59
489,Churapcha,RU,2022-02-05 23:06:03,62.0025,132.4325,-35.36,100,100,0.58
490,Kailua,US,2022-02-05 23:02:32,21.4022,-157.7394,83.07,69,20,8.05
491,Noyabrsk,RU,2022-02-05 23:06:04,63.1994,75.4507,-2.11,97,100,4.54
492,Eyl,SO,2022-02-05 23:06:04,7.9803,49.8164,71.74,75,16,7.43
493,Bubaque,GW,2022-02-05 23:06:04,11.2833,-15.8333,78.03,72,1,14.61
494,Guiratinga,BR,2022-02-05 23:06:05,-16.3494,-53.7583,73.96,87,41,1.74
495,Tortoli,IT,2022-02-05 23:06:05,39.9256,9.6572,49.95,69,83,4.83
496,Asosa,ET,2022-02-05 23:06:06,10.0667,34.5333,61.07,31,26,6.2
497,North Bend,US,2022-02-05 23:06:06,43.4065,-124.2243,59.23,77,0,6.91
498,Sable-Sur-Sarthe,FR,2022-02-05 23:06:06,47.8376,-0.3329,45.36,94,94,12.06
499,Iquitos,PE,2022-02-05 23:04:55,-3.7481,-73.2472,75.24,94,75,2.3
500,Katobu,ID,2022-02-05 23:06:07,-4.9408,122.5276,77.27,89,98,2.53
501,Norman Wells,CA,2022-02-05 23:01:37,65.282,-126.8329,-3.66,91,98,6.67
502,Tazovskiy,RU,2022-02-05 23:06:08,67.4667,78.7,-15.54,100,85,6.96
503,Taywarah,AF,2022-02-05 23:06:08,33.35,64.4167,23.63,83,82,4.43
504,Matagami,CA,2022-02-05 23:06:09,49.7502,-77.6328,-9.62,95,100,2.53
505,Oistins,BB,2022-02-05 23:02:02,13.0667,-59.5333,76.68,73,21,10.8
506,Porteirinha,BR,2022-02-05 23:06:09,-15.7433,-43.0283,72.46,84,100,2.08
507,Karratha,AU,2022-02-05 23:07:10,-20.7377,116.8463,84.43,72,63,8.68
508,San Luis,AR,2022-02-05 23:07:10,-33.295,-66.3356,64.4,48,44,11.21
509,Tremedal,BR,2022-02-05 23:07:11,-14.9758,-41.4108,70.57,95,93,3.18
510,Alamosa,US,2022-02-05 23:07:11,37.4695,-105.87,27.36,54,0,0.0
511,Koutiala,ML,2022-02-05 23:07:12,12.3917,-5.4642,75.43,11,4,8.25
512,Muli,MV,2022-02-05 23:07:12,2.9167,73.5667,81.86,65,63,8.14
513,Santiago Del Estero,AR,2022-02-05 23:07:12,-27.7951,-64.2615,78.57,53,81,13.51
514,Comodoro Rivadavia,AR,2022-02-05 23:07:13,-45.8667,-67.5,67.86,52,0,11.5
515,Igaci,BR,2022-02-05 23:07:13,-9.5369,-36.6336,76.53,65,100,11.18
516,Fukue,JP,2022-02-05 23:07:13,32.6881,128.8419,41.99,61,100,25.68
517,Biak,ID,2022-02-05 23:07:14,-0.9131,122.8766,77.2,81,100,1.41
518,Binay,PH,2022-02-05 23:07:14,13.5028,122.5975,76.14,80,48,13.6
519,Miri,MY,2022-02-05 23:07:15,4.4148,114.0089,75.54,94,100,4.52
520,Sao Miguel Do Araguaia,BR,2022-02-05 23:07:15,-13.275,-50.1628,76.24,85,88,2.71
521,Kulhudhuffushi,MV,2022-02-05 23:03:44,6.6221,73.07,79.65,69,20,6.2
522,Tambovka,RU,2022-02-05 23:07:16,50.0969,128.0489,-3.89,100,60,3.8
523,Tateyama,JP,2022-02-05 23:07:16,34.9833,139.8667,35.1,47,16,13.67
524,Vallenar,CL,2022-02-05 23:07:17,-28.5708,-70.7581,79.66,34,0,6.49
525,San Quintin,MX,2022-02-05 23:07:17,30.4833,-115.95,62.28,31,0,7.7
526,Corn Island,NI,2022-02-05 23:07:18,12.1694,-83.0418,80.17,74,19,18.01
527,Pretoria,ZA,2022-02-05 23:07:18,-25.7449,28.1878,64.09,71,97,11.79
528,Santa Marta,CO,2022-02-05 23:05:53,11.2408,-74.199,85.33,65,7,20.0
529,Walvis Bay,NA,2022-02-05 23:07:19,-22.9575,14.5053,67.08,79,66,3.38
530,Askiz,RU,2022-02-05 23:07:19,53.1319,90.5264,-1.5,96,55,1.23
531,Guangyuan,CN,2022-02-05 23:07:20,32.442,105.823,37.22,96,100,4.34
532,Kyela,TZ,2022-02-05 23:07:20,-9.5833,33.85,72.32,81,100,4.29
533,Tilichiki,RU,2022-02-05 23:07:20,60.4667,166.1,-5.46,75,25,8.55
534,Potenza,IT,2022-02-05 23:07:21,40.6443,15.8086,44.92,81,98,2.66
535,Bosaso,SO,2022-02-05 23:02:28,11.2842,49.1816,71.82,70,82,2.68
536,Tommot,RU,2022-02-05 23:07:21,58.9564,126.2925,-15.9,99,100,1.34
537,Olafsvik,IS,2022-02-05 23:03:01,64.8945,-23.7142,30.94,80,100,36.44
538,Manono,CD,2022-02-05 23:07:22,-7.3,27.4167,67.91,95,100,1.72
